crop_category,soil_category,rainfall_category,Pathway,NH4_load,P_load
0.0,0,0,0,,4.22299213155575e-07
0.0,0,0,1,,8.747453297366943e-07
0.0,0,1,0,,5.86744146985863e-07
0.0,0,1,1,,9.174396952895216e-07
0.0,0,2,0,,9.14844311184665e-07
0.0,0,2,1,,1.9838536705690164e-06
0.0,0,3,0,,1.48122910239403e-06
0.0,0,3,1,,3.665159860623307e-06
0.0,0,4,0,,2.1502015292056703e-06
0.0,0,4,1,,5.665460502634171e-06
0.0,0,5,0,,3.57689986634833e-06
0.0,0,5,1,,1.0898971837250668e-05
0.0,1,0,0,,4.09926481477544e-07
0.0,1,0,1,,1.672837752732312e-06
0.0,1,1,0,,5.75013386467042e-07
0.0,1,1,1,,1.359804344143236e-06
0.0,1,2,0,,8.85389166097627e-07
0.0,1,2,1,,2.2218445172337405e-06
0.0,1,3,0,,1.4133847893843203e-06
0.0,1,3,1,,3.56515499433286e-06
0.0,1,4,0,,2.07436813488817e-06
0.0,1,4,1,,6.786877056009884e-06
0.0,1,5,0,,3.81077633847854e-06
0.0,1,5,1,,9.919955610798486e-06
0.0,2,0,0,,4.28239025541223e-07
0.0,2,0,1,,1.020595331200271e-06
0.0,2,1,0,,5.97509493143068e-07
0.0,2,1,1,,1.134939526654539e-06
0.0,2,2,0,,9.03801724100203e-07
0.0,2,2,1,,1.662921921133468e-06
0.0,2,3,0,,1.4962320930144502e-06
0.0,2,3,1,,2.371157828393455e-06
0.0,2,4,0,,2.19778336814585e-06
0.0,2,4,1,,3.69515273753882e-06
0.0,2,5,0,,3.44270799922864e-06
0.0,2,5,1,,6.506370690197947e-06
1.0,0,0,0,,2.29181030312141e-06
1.0,0,0,1,7.541228165437384e-06,2.0935129968473456e-06
1.0,0,1,0,,4.625462631216928e-06
1.0,0,1,1,6.539237183402163e-06,1.918552138673844e-06
1.0,0,2,0,,4.48298381195657e-06
1.0,0,2,1,1.4232212378822604e-05,5.369598200330872e-06
1.0,0,3,0,,7.64387608768453e-06
1.0,0,3,1,1.912573103638725e-05,5.621444787533513e-06
1.0,0,4,0,,9.90191101255507e-06
1.0,0,4,1,2.631086860762001e-05,7.570263991930366e-06
1.0,0,5,0,,1.49306075492175e-05
1.0,0,5,1,4.9853138042922666e-05,1.3396708772218949e-05
1.0,1,0,0,3.99048382711329e-05,8.289485586158912e-06
1.0,1,0,1,1.2070094969963778e-05,3.1069290808612405e-06
1.0,1,1,0,5.023828783033796e-05,9.616622736797427e-06
1.0,1,1,1,9.507926905757649e-06,2.6319614410654635e-06
1.0,1,2,0,6.380207461543979e-05,1.1351114054340535e-05
1.0,1,2,1,1.571511111698688e-05,4.3964523894538565e-06
1.0,1,3,0,9.18287520367402e-05,1.5041825522639654e-05
1.0,1,3,1,2.4750116861287745e-05,6.942990129159814e-06
1.0,1,4,0,0.0001287654052071,1.981408107532302e-05
1.0,1,4,1,3.214623000771166e-05,9.085600469949104e-06
1.0,1,5,0,0.0001665971180614,2.546093324527946e-05
1.0,1,5,1,6.031954935295393e-05,1.6301323914136458e-05
1.0,2,0,0,6.734466960607789e-05,1.2765950097773766e-05
1.0,2,0,1,6.38217090374324e-06,1.9533174463630366e-06
1.0,2,1,0,8.724244071324438e-05,1.4497248056789004e-05
1.0,2,1,1,7.083105274958578e-06,2.125849791515616e-06
1.0,2,2,0,0.0001109931279815,1.6740395924640755e-05
1.0,2,2,1,1.0012246516888928e-05,3.0381167088611346e-06
1.0,2,3,0,0.0001487369618051,2.070287501152361e-05
1.0,2,3,1,1.3331061627704537e-05,4.244256825276261e-06
1.0,2,4,0,0.0002074707055174,2.7082740987420645e-05
1.0,2,4,1,1.5304811863780574e-05,5.028392895708898e-06
1.0,2,5,0,0.0003025734587565,3.520006365537537e-05
1.0,2,5,1,3.0706382121268974e-05,9.411744792874374e-06
2.0,0,0,0,,2.7279261385296e-06
2.0,0,0,1,5.306162705564926e-06,2.461045071485105e-06
2.0,0,1,0,,3.6673808021486e-06
2.0,0,1,1,4.629565685615109e-06,2.2897335898505634e-06
2.0,0,2,0,,5.2830282050684e-06
2.0,0,2,1,1.0161559379972348e-05,4.762165047781899e-06
2.0,0,3,0,,7.707875456499321e-06
2.0,0,3,1,1.3764149501638346e-05,6.610604445564958e-06
2.0,0,4,0,,1.1550361022498698e-05
2.0,0,4,1,1.905522872738634e-05,8.605654402501587e-06
2.0,0,5,0,,1.76791939065202e-05
2.0,0,5,1,3.63259938402131e-05,1.4705466125044693e-05
2.0,1,0,0,3.0443644421384663e-05,6.978514783556667e-06
2.0,1,0,1,8.591060455719437e-06,3.5832860762746627e-06
2.0,1,1,0,3.841982167747463e-05,8.415275491230224e-06
2.0,1,1,1,6.775255680668217e-06,3.090534986209754e-06
2.0,1,2,0,4.867563831753414e-05,1.053241318885342e-05
2.0,1,2,1,1.1221621515611556e-05,5.178773764545245e-06
2.0,1,3,0,6.968257583062347e-05,1.4580565988588295e-05
2.0,1,3,1,1.7798832798703393e-05,8.076082607910047e-06
2.0,1,4,0,9.74053714971353e-05,1.9831295324633885e-05
2.0,1,4,1,2.3358075481370424e-05,1.0316435720738616e-05
2.0,1,5,0,0.0001248468981926,2.602351609000988e-05
2.0,1,5,1,4.44849579120462e-05,1.7882509825940748e-05
2.0,2,0,0,5.160525541666549e-05,1.0521843215021817e-05
2.0,2,0,1,4.571447029932683e-06,2.432432184636865e-06
2.0,2,1,0,6.672681050988939e-05,1.2257779025947022e-05
2.0,2,1,1,5.0675195853173404e-06,2.577943526731686e-06
2.0,2,2,0,8.46413482258896e-05,1.4857196527032483e-05
2.0,2,2,1,7.201022310714882e-06,3.68450252425619e-06
2.0,2,3,0,0.0001130936713125,1.95481089888813e-05
2.0,2,3,1,9.693247439685735e-06,5.094401353087042e-06
2.0,2,4,0,0.0001577145871038,2.694714465759425e-05
2.0,2,4,1,1.1235106600193067e-05,5.869203296827097e-06
2.0,2,5,0,0.0002273769969482,3.4539418852742484e-05
2.0,2,5,1,2.254682663549928e-05,1.060862836552409e-05
3.0,0,0,0,,2.7279261385296e-06
3.0,0,0,1,5.072511633880537e-06,2.118970023606428e-06
3.0,0,1,0,,3.6673808021486e-06
3.0,0,1,1,4.311284740227384e-06,1.936383576338547e-06
3.0,0,2,0,,5.2830282050684e-06
3.0,0,2,1,9.241247980138357e-06,4.130316422535868e-06
3.0,0,3,0,,7.707875456499321e-06
3.0,0,3,1,1.2272804397722452e-05,5.736891030305125e-06
3.0,0,4,0,,1.1550361022498698e-05
3.0,0,4,1,1.7067251920565207e-05,7.602144276806056e-06
3.0,0,5,0,,1.76791939065202e-05
3.0,0,5,1,3.211159306429866e-05,1.330205771176861e-05
3.0,1,0,0,1.9260955576642644e-05,6.953763597928067e-06
3.0,1,0,1,8.270630060419492e-06,3.181294694962851e-06
3.0,1,1,0,2.4957831610441864e-05,8.362862227816338e-06
3.0,1,1,1,6.419625437756944e-06,2.6751183408124194e-06
3.0,1,2,0,3.257401790030224e-05,1.0454705342846352e-05
3.0,1,2,1,1.0299550503941116e-05,4.525703791154532e-06
3.0,1,3,0,4.816347860443749e-05,1.4497325828787438e-05
3.0,1,3,1,1.5977778474127466e-05,7.097026572078646e-06
3.0,1,4,0,7.187675577134076e-05,1.997629537210987e-05
3.0,1,4,1,2.0904268779221392e-05,9.143109582617508e-06
3.0,1,5,0,0.0001021553046065,2.7128356809790375e-05
3.0,1,5,1,3.90812107337396e-05,1.6126538801229444e-05
3.0,2,0,0,3.282870153435766e-05,1.03506937515483e-05
3.0,2,0,1,4.3162304368428886e-06,2.009484185382593e-06
3.0,2,1,0,4.379626639904715e-05,1.2230862100690352e-05
3.0,2,1,1,4.720622087361233e-06,2.1632925344290712e-06
3.0,2,2,0,5.721284934989819e-05,1.4825990122908153e-05
3.0,2,2,1,6.558144233147089e-06,3.1347552537741367e-06
3.0,2,3,0,7.921036122970652e-05,1.9457016154005275e-05
3.0,2,3,1,8.60651487158315e-06,4.338451848244015e-06
3.0,2,4,0,0.0001189059981262,2.7047636808434317e-05
3.0,2,4,1,9.876497749952988e-06,5.048475610254422e-06
3.0,2,5,0,0.0001834459014969,3.637825571103603e-05
3.0,2,5,1,1.9440680170710868e-05,9.34289416407988e-06
4.0,0,0,0,,9.78618527478496e-07
4.0,0,0,1,1.601696569367805e-06,1.0786416069223175e-06
4.0,0,1,0,,1.6213815922189502e-06
4.0,0,1,1,1.669499768191025e-06,1.1489739487291089e-06
4.0,0,2,0,,2.82543495025319e-06
4.0,0,2,1,3.322278492651113e-06,2.23034974309474e-06
4.0,0,3,0,,4.96524486527562e-06
4.0,0,3,1,5.287431122985208e-06,3.513793485763857e-06
4.0,0,4,0,,7.45181646805206e-06
4.0,0,4,1,7.673062827773521e-06,5.031668116445405e-06
4.0,0,5,0,,1.18255502750198e-05
4.0,0,5,1,1.3590356519143574e-05,8.371215748092306e-06
4.0,1,0,0,,9.40666597817153e-07
4.0,1,0,1,3.577870383915273e-06,2.197341848189466e-06
4.0,1,1,0,,1.51959421584804e-06
4.0,1,1,1,2.640859652995572e-06,1.7399324673458971e-06
4.0,1,2,0,,2.61636617794442e-06
4.0,1,2,1,4.0977085279522944e-06,2.737333608019736e-06
4.0,1,3,0,,4.524807501065311e-06
4.0,1,3,1,6.864582176214394e-06,4.432604111268736e-06
4.0,1,4,0,,6.806888706388111e-06
4.0,1,4,1,1.329228831370729e-05,7.829472216797881e-06
4.0,1,5,0,,1.12691140507083e-05
4.0,1,5,1,1.67655302146565e-05,9.523656333819269e-06
4.0,2,0,0,9.703527144404996e-06,4.548185204787806e-06
4.0,2,0,1,1.782506011747588e-06,1.251808830722125e-06
4.0,2,1,0,1.5817910560823906e-05,6.731638132064329e-06
4.0,2,1,1,2.006378500709008e-06,1.367868473534944e-06
4.0,2,2,0,2.4378977804388666e-05,9.809783660325795e-06
4.0,2,2,1,2.7103211432946843e-06,1.897358819844766e-06
4.0,2,3,0,4.295349882479473e-05,1.591321541945584e-05
4.0,2,3,1,3.900761023276349e-06,2.714672102486284e-06
4.0,2,4,0,6.559462126112328e-05,2.2478611493787237e-05
4.0,2,4,1,5.564417576910913e-06,3.828861679890176e-06
4.0,2,5,0,0.0001054570510378,3.178582783938534e-05
4.0,2,5,1,8.351375248824933e-06,5.531999287220787e-06
5.0,0,0,0,,2.29181030312141e-06
5.0,0,0,1,3.766055643178408e-06,1.9156057705948296e-06
5.0,0,1,0,,3.11438515002312e-06
5.0,0,1,1,3.215435292030191e-06,1.7899670520450257e-06
5.0,0,2,0,,4.48298381195657e-06
5.0,0,2,1,6.9232223835055e-06,3.830850069053581e-06
5.0,0,3,0,,6.5978667719947706e-06
5.0,0,3,1,9.270021699490049e-06,5.381233230573389e-06
5.0,0,4,0,,9.90191101255507e-06
5.0,0,4,1,1.3014506763030442e-05,7.293633847260487e-06
5.0,0,5,0,,1.49306075492175e-05
5.0,0,5,1,2.459047952621945e-05,1.2913045963251597e-05
5.0,1,0,0,1.3506498812533356e-05,5.242019269964806e-06
5.0,1,0,1,6.0866474225377945e-06,2.8372618949396543e-06
5.0,1,1,0,1.7383182991663146e-05,6.393030153264341e-06
5.0,1,1,1,4.7535066851279645e-06,2.4530459573746425e-06
5.0,1,2,0,2.2803275601782357e-05,8.213400312646239e-06
5.0,1,2,1,7.695358138948478e-06,4.167169825673214e-06
5.0,1,3,0,3.408318119092842e-05,1.1709857355560367e-05
5.0,1,3,1,1.204241879883312e-05,6.639126570345476e-06
5.0,1,4,0,5.020664069307928e-05,1.6365576229941465e-05
5.0,1,4,1,1.5858826607369328e-05,8.740633776188642e-06
5.0,1,5,0,7.204060839626525e-05,2.2237014083379734e-05
5.0,1,5,1,2.9895790593043564e-05,1.5705802615712254e-05
5.0,2,0,0,2.283930520206059e-05,7.618763803543853e-06
5.0,2,0,1,3.17199791753871e-06,1.8077215791982825e-06
5.0,2,1,0,3.029994857622718e-05,9.138872272322771e-06
5.0,2,1,1,3.4893719942738524e-06,1.995727647413511e-06
5.0,2,2,0,3.987103638607621e-05,1.1404412941989254e-05
5.0,2,2,1,4.882433568043566e-06,2.888942230568249e-06
5.0,2,3,0,5.566386366942199e-05,1.538330485257899e-05
5.0,2,3,1,6.4784968330481646e-06,4.08289428018e-06
5.0,2,4,0,8.24900900100155e-05,2.16644381702144e-05
5.0,2,4,1,7.538469453648922e-06,4.865407258628165e-06
5.0,2,5,0,0.0001285940303034,2.9350623030887866e-05
5.0,2,5,1,1.4932332466191923e-05,9.097373327187462e-06
6.0,0,0,1,4.367194427930401e-07,2.0366702647181885e-07
6.0,0,1,0,,1.28878203689597e-12
6.0,0,1,1,4.148841029679665e-07,1.9364604866589122e-07
6.0,0,2,0,,3.24584950761061e-08
6.0,0,2,1,1.2208754334625532e-06,6.132557055335876e-07
6.0,0,3,0,,3.50738174491356e-07
6.0,0,3,1,1.797977775443807e-06,1.0601499956203703e-06
6.0,0,4,0,,1.00060354546834e-06
6.0,0,4,1,3.312525564499324e-06,2.0710175741746503e-06
6.0,0,5,0,,1.9696487106529303e-06
6.0,0,5,1,6.511954091682538e-06,4.111971708504779e-06
6.0,1,0,1,1.637759712657308e-06,7.613774988195988e-07
6.0,1,1,0,,1.6440258258989699e-12
6.0,1,1,1,1.0335520623772726e-06,4.843640064699732e-07
6.0,1,2,0,,2.96212549081996e-08
6.0,1,2,1,1.4231373524052864e-06,7.320123617743027e-07
6.0,1,3,0,,3.56419691934014e-07
6.0,1,3,1,2.2604770714303835e-06,1.329707472493772e-06
6.0,1,4,0,,9.66387774913649e-07
6.0,1,4,1,3.536072814401314e-06,2.1810587107256456e-06
6.0,1,5,0,,2.05390922305093e-06
6.0,1,5,1,6.9086404108839365e-06,4.318120488211978e-06
6.0,2,0,0,,2.11096893006112e-06
6.0,2,0,1,6.483653160287435e-07,3.0159835924732026e-07
6.0,2,1,0,,5.22521844072193e-11
6.0,2,1,1,5.896261604586247e-07,2.722372887993989e-07
6.0,2,2,0,,5.956374425321895e-06
6.0,2,2,1,8.012294383024517e-07,4.021925948588973e-07
6.0,2,3,0,,3.64047288523616e-07
6.0,2,3,1,1.2510304263856069e-06,3.0946533960677437e-06
6.0,2,4,0,,1.0118168464357e-06
6.0,2,4,1,1.5014213029335916e-06,9.897192629387298e-07
6.0,2,5,0,,2.017462492167752e-06
6.0,2,5,1,3.179051152046947e-06,2.11096893006112e-06
7.0,0,0,0,,2.1671317816874e-06
7.0,0,0,1,1.4540884786481756e-05,1.6066391924530642e-06
7.0,0,1,0,,3.0095202885609705e-06
7.0,0,1,1,1.3305645338004623e-05,7.114492361667273e-06
7.0,0,2,0,,4.42963694079521e-06
7.0,0,2,1,3.05413419742393e-05,3.1324537544248834e-06
7.0,0,3,0,,6.6137398906799e-06
7.0,0,3,1,4.416256397425753e-05,4.4267231773145135e-06
7.0,0,4,0,,2.355770718480491e-05
7.0,0,4,1,6.38687828019239e-05,6.100844595694146e-06
7.0,0,5,0,,1.52648154535116e-05
7.0,0,5,1,0.000123344546479,1.088561001939932e-05
7.0,1,0,0,6.752426900926212e-05,3.671662601409624e-06
7.0,1,0,1,2.2534609381140022e-05,2.416135307433488e-06
7.0,1,1,0,8.963455202967443e-05,4.850606445588832e-06
7.0,1,1,1,1.8781863661356708e-05,2.009841489867461e-06
7.0,1,2,0,0.000121051414899,6.790728841856933e-06
7.0,1,2,1,3.330563827856364e-05,3.45172249491783e-06
7.0,1,3,0,0.0001869239711786,1.0615061364533667e-05
7.0,1,3,1,5.646419848189001e-05,5.58102273569399e-06
7.0,1,4,0,0.0002744534185531,1.583766266589089e-05
7.0,1,4,1,7.80038365407619e-05,7.348831130356618e-06
7.0,1,5,0,0.0003588915459086,2.219616345083248e-05
7.0,1,5,1,0.000151332351912,1.3349383933275988e-05
7.0,2,0,0,0.0001147698540836,5.067383021134893e-06
7.0,2,0,1,1.254467383653459e-05,1.447976219381573e-06
7.0,2,1,0,0.0001539643965004,6.649716767933552e-06
7.0,2,1,1,1.436657573774676e-05,1.5872924908785287e-06
7.0,2,2,0,0.000209030588965,9.072869395861078e-06
7.0,2,2,1,2.157477096045784e-05,2.3198398223887115e-06
7.0,2,3,0,0.0003021793136498,1.3716973018721236e-05
7.0,2,3,1,3.120269758167026e-05,3.266312952053735e-06
7.0,2,4,0,0.0004495622354347,2.113427361505725e-05
7.0,2,4,1,3.901982897868165e-05,3.92094560142004e-06
7.0,2,5,0,0.0006494070694869,2.871099287391548e-05
7.0,2,5,1,7.871630340055945e-05,7.380382310847096e-06
8.0,0,0,0,,2.7279261385296e-06
8.0,0,0,1,1.2710925957055672e-05,4.380238372441633e-06
8.0,0,1,0,,3.6673808021486e-06
8.0,0,1,1,1.1325975464251108e-05,3.736821331278309e-06
8.0,0,2,0,,5.2830282050684e-06
8.0,0,2,1,2.4750480837483466e-05,7.432302316434285e-06
8.0,0,3,0,,7.707875456499321e-06
8.0,0,3,1,3.392955733554445e-05,9.75000878537535e-06
8.0,0,4,0,,1.1550361022498698e-05
8.0,0,4,1,4.707953309250649e-05,1.2461239111257632e-05
8.0,0,5,0,,1.76791939065202e-05
8.0,0,5,1,8.920711122596846e-05,2.115984209105901e-05
8.0,1,0,0,6.876151176287165e-05,2.6074981447444343e-05
8.0,1,0,1,2.0153426951772342e-05,6.693444020265689e-06
8.0,1,1,0,8.591664811675689e-05,2.946703125530518e-05
8.0,1,1,1,1.6253253550406018e-05,5.245070347760168e-06
8.0,1,2,0,0.000107882874126,3.270583104250598e-05
8.0,1,2,1,2.70706080708148e-05,8.145387836622424e-06
8.0,1,3,0,0.0001532623243942,4.105811439644414e-05
8.0,1,3,1,4.327182016601072e-05,1.2155121190860388e-05
8.0,1,4,0,0.0002136795791254,5.13821290817968e-05
8.0,1,4,1,5.741124805313384e-05,1.6007745492303307e-05
8.0,1,5,0,0.0002744797348685,6.039978720577046e-05
8.0,1,5,1,0.0001091990337239,2.571708431490941e-05
8.0,2,0,0,0.0001164550050905,4.468705253609785e-05
8.0,2,0,1,1.1133951491474584e-05,4.018798496106517e-06
8.0,2,1,0,0.000148301659368,4.770038890347522e-05
8.0,2,1,1,1.2389881733285656e-05,4.120386023283988e-06
8.0,2,2,0,0.0001870174104512,5.316297320154762e-05
8.0,2,2,1,1.7767693128345305e-05,5.56265872265611e-06
8.0,2,3,0,0.000248440934203,6.256661938401176e-05
8.0,2,3,1,2.434866614170339e-05,7.266915009277912e-06
8.0,2,4,0,0.0003469446851493,7.787883376798483e-05
8.0,2,4,1,2.872619336547046e-05,8.089833738794687e-06
8.0,2,5,0,0.0004984145086164,9.74004915762548e-05
8.0,2,5,1,5.722805580334929e-05,1.4594083038120028e-05
9.0,0,0,0,,2.7279261385296e-06
9.0,0,0,1,3.7097473143305416e-06,1.3624052258600028e-06
9.0,0,1,0,,3.6673808021486e-06
9.0,0,1,1,3.1530291383752506e-06,1.3234496525376571e-06
9.0,0,2,0,,7.897001884123134e-06
9.0,0,2,1,6.758524642190737e-06,2.943048590587231e-06
9.0,0,3,0,,7.707875456499321e-06
9.0,0,3,1,8.97563306699105e-06,5.320466072104905e-06
9.0,0,4,0,,1.1550361022498698e-05
9.0,0,4,1,1.2482020061308883e-05,5.816389887811098e-06
9.0,0,5,0,,1.7700470438265586e-05
9.0,0,5,1,2.348459791269604e-05,1.0434785288010636e-05
9.0,1,0,0,1.4086370496350588e-05,2.7854138930930795e-06
9.0,1,0,1,6.048669745679928e-06,1.988355574909439e-06
9.0,1,1,0,1.8252742521069425e-05,3.5575411935843927e-06
9.0,1,1,1,4.694949947016272e-06,1.7838296709145066e-06
9.0,1,2,0,2.38227892106688e-05,5.002265647079283e-06
9.0,1,2,1,7.532507084971861e-06,3.198575328322885e-06
9.0,1,3,0,3.522403659130503e-05,7.356456667910448e-06
9.0,1,3,1,1.1685240973615608e-05,5.221766380749474e-06
9.0,1,4,0,5.256658257904026e-05,1.0637396320999268e-05
9.0,1,4,1,1.5288196569878332e-05,6.966680771651826e-06
9.0,1,5,0,7.4710595906316e-05,1.626678822317514e-05
9.0,1,5,1,2.858178098437672e-05,1.2650647474893742e-05
9.0,2,0,0,2.400905037587352e-05,3.200974566359032e-06
9.0,2,0,1,3.1566461403776357e-06,1.3274271772926389e-06
9.0,2,1,0,3.203010527691508e-05,3.989321288784503e-06
9.0,2,1,1,3.452395257920902e-06,1.4825432332865286e-06
9.0,2,2,0,4.184223310664197e-05,5.299007230044032e-06
9.0,2,2,1,4.796254737674736e-06,2.2539303793146616e-06
9.0,2,3,0,5.7929965675457e-05,7.655916276686195e-06
9.0,2,3,1,6.294316846381706e-06,3.26943429830983e-06
9.0,2,4,0,8.6961103107251e-05,1.1522283591863887e-05
9.0,2,4,1,7.223110294741737e-06,3.949032570796987e-06
9.0,2,5,0,0.0001341619279604,1.6359170181979495e-05
9.0,2,5,1,1.42178108711169e-05,7.460921510895258e-06
10.0,0,0,0,,2.1671317816874e-06
10.0,0,0,1,1.383268340974638e-05,1.6344150872831665e-06
10.0,0,1,0,,3.0095202885609705e-06
10.0,0,1,1,1.2321038828110822e-05,1.4677385514659326e-06
10.0,0,2,0,,4.42963694079521e-06
10.0,0,2,1,2.780152566910705e-05,3.172291972625093e-06
10.0,0,3,0,,6.6137398906799e-06
10.0,0,3,1,3.888219609875368e-05,4.457504723425552e-06
10.0,0,4,0,,1.00709466023921e-05
10.0,0,4,1,5.512838393902688e-05,6.065363425540784e-06
10.0,0,5,0,,1.52648154535116e-05
10.0,0,5,1,0.0001060926704842,1.078829063283979e-05
10.0,1,0,0,6.184273718361452e-05,4.243983334232002e-06
10.0,1,0,1,2.181948031812653e-05,2.437453078525735e-06
10.0,1,1,0,8.262043182019377e-05,5.622590005789301e-06
10.0,1,1,1,1.7651986355689854e-05,2.0322287857170184e-06
10.0,1,2,0,0.0001116809698479,7.723525755387535e-06
10.0,1,2,1,3.051441209368849e-05,3.487651730262432e-06
10.0,1,3,0,0.0001720848557367,1.1653775308068472e-05
10.0,1,3,1,5.010202429474407e-05,5.6021596797843376e-06
10.0,1,4,0,0.0002523919387587,1.646574037840939e-05
10.0,1,4,1,6.741430908583763e-05,7.305627194705604e-06
10.0,1,5,0,0.0003340454941392,2.20002999860425e-05
10.0,1,5,1,0.0001290967532071,1.320518970112218e-05
10.0,2,0,0,0.0001051769066934,8.479007386286694e-06
10.0,2,0,1,1.1737421442002591e-05,1.481053861402532e-06
10.0,2,1,0,0.0001429953146044,7.976870788432758e-06
10.0,2,1,1,1.3240023115405617e-05,1.610031386421993e-06
10.0,2,2,0,0.0001934184314133,1.0636046607983143e-05
10.0,2,2,1,1.943174904144012e-05,2.346513768662715e-06
10.0,2,3,0,0.0002781731175125,1.887879449065668e-05
10.0,2,3,1,2.708850815087288e-05,3.2909428714574794e-06
10.0,2,4,0,0.0004105126732141,2.1785514774833863e-05
10.0,2,4,1,3.269956895302582e-05,3.917911956353686e-06
10.0,2,5,0,0.0006054541914889,2.85668767574846e-05
10.0,2,5,1,6.604097186224073e-05,1.1351033926844697e-05
11.0,0,0,0,,2.29181030312141e-06
11.0,0,0,1,,1.2786784059592397e-06
11.0,0,1,0,,3.11438515002312e-06
11.0,0,1,1,,1.2696004215492357e-06
11.0,0,2,0,,4.48298381195657e-06
11.0,0,2,1,,2.8302459056419824e-06
11.0,0,3,0,,6.5978667719947706e-06
11.0,0,3,1,,4.132038725662128e-06
11.0,0,4,0,,9.90191101255507e-06
11.0,0,4,1,,5.743032275207754e-06
11.0,0,5,0,,1.49306075492175e-05
11.0,0,5,1,,1.0411824935160074e-05
11.0,1,0,0,,1.983188062530748e-06
11.0,1,0,1,,1.8459556005035345e-06
11.0,1,1,0,,2.640742784322426e-06
11.0,1,1,1,,1.7019561349981223e-06
11.0,1,2,0,,3.908756314074987e-06
11.0,1,2,1,,3.054723720763462e-06
11.0,1,3,0,,5.994044227822356e-06
11.0,1,3,1,,5.050084330404936e-06
11.0,1,4,0,,8.844063658895852e-06
11.0,1,4,1,,6.859753976280578e-06
11.0,1,5,0,,1.3461973958323998e-05
11.0,1,5,1,,1.2665639471708152e-05
11.0,2,0,0,,2.05898659348335e-06
11.0,2,0,1,,1.2395196496641145e-06
11.0,2,1,0,,2.724267935946924e-06
11.0,2,1,1,,1.4199180908891514e-06
11.0,2,2,0,,3.8879322171411e-06
11.0,2,2,1,,2.1517160166038173e-06
11.0,2,3,0,,5.954761748584501e-06
11.0,2,3,1,,3.17407617035651e-06
11.0,2,4,0,,9.18201518172606e-06
11.0,2,4,1,,3.907079647003495e-06
11.0,2,5,0,,1.3249009325507504e-05
11.0,2,5,1,,7.448102325971379e-06
12.0,0,0,0,,2.1671317816874e-06
12.0,0,0,1,,1.0337303402338077e-06
12.0,0,1,0,,3.0095202885609705e-06
12.0,0,1,1,,9.670513544180042e-07
12.0,0,2,0,,4.42963694079521e-06
12.0,0,2,1,,2.1884419748959267e-06
12.0,0,3,0,,6.6137398906799e-06
12.0,0,3,1,,3.185224468629449e-06
12.0,0,4,0,,1.00709466023921e-05
12.0,0,4,1,,4.4989782035510985e-06
12.0,0,5,0,,1.52648154535116e-05
12.0,0,5,1,,8.301336373079065e-06
12.0,1,0,0,,1.881623760341501e-06
12.0,1,0,1,,1.5284509864870627e-06
13.0,0,0,0,,4.59791768371994e-06
13.0,0,0,1,,1.546689320987533e-06
13.0,0,1,0,,5.499577925539221e-06
13.0,0,1,1,,1.450606312928057e-06
13.0,0,2,0,,6.898614329349161e-06
13.0,0,2,1,,3.07654425993419e-06
13.0,0,3,0,,9.08161732217362e-06
13.0,0,3,1,,4.427279414443712e-06
13.0,0,4,0,,1.25918099701622e-05
13.0,0,4,1,,6.046634042390039e-06
13.0,0,5,0,,1.78123661199493e-05
13.0,0,5,1,,1.0827541816407698e-05
13.0,1,0,0,,3.917431261368911e-06
13.0,1,0,1,,2.2613559886516403e-06
13.0,1,1,0,,4.686681637072785e-06
13.0,1,1,1,,1.955352558516685e-06
13.0,1,2,0,,6.035077161881777e-06
13.0,1,2,1,,3.322891542289774e-06
13.0,1,3,0,,8.259800816862328e-06
13.0,1,3,1,,5.4050768440239765e-06
13.0,1,4,0,,1.1276963474361432e-05
13.0,1,4,1,,7.295260153322574e-06
13.0,1,5,0,,1.5980576756826183e-05
13.0,1,5,1,,1.329861991611149e-05
13.0,2,0,0,,3.970250076925057e-06
13.0,2,0,1,,1.4886296415162468e-06
13.0,2,1,0,,4.751527319579829e-06
13.0,2,1,1,,1.6152621904707865e-06
13.0,2,2,0,,1.5291768816958088e-05
13.0,2,2,1,,2.371746530368449e-06
13.0,2,3,0,,8.192777869358106e-06
13.0,2,3,1,,6.377933739693572e-06
13.0,2,4,0,,1.161617666493242e-05
13.0,2,4,1,,4.198931445235979e-06
13.0,2,5,0,,1.5730504599405127e-05
13.0,2,5,1,,7.908945310088089e-06
14.0,0,0,1,1.4406645161805073e-07,1.4406645161805073e-07
14.0,0,1,0,,1.28878203689597e-12
14.0,0,1,1,,1.409546339948159e-07
14.0,0,2,0,,3.24584950761061e-08
14.0,0,2,1,,4.673352914441906e-07
14.0,0,3,0,,3.50738174491356e-07
14.0,0,3,1,,8.556795587971292e-07
14.0,0,4,0,,1.00060354546834e-06
14.0,0,4,1,,1.7297769796666943e-06
14.0,0,5,0,,1.9696487106529303e-06
14.0,0,5,1,3.521771878133747e-06,3.521771878133747e-06
14.0,1,0,1,,5.381438909549177e-07
14.0,1,1,0,,1.6440258258989699e-12
14.0,1,1,1,,3.516864270048482e-07
14.0,1,2,0,,2.96212549081996e-08
14.0,1,2,1,,5.590062554896757e-07
14.0,1,3,0,,3.56419691934014e-07
14.0,1,3,1,,1.0742059775264898e-06
14.0,1,4,0,,9.66387774913649e-07
14.0,1,4,1,,1.8169620800932173e-06
14.0,1,5,0,,2.05390922305093e-06
14.0,1,5,1,,3.7053324217221834e-06
14.0,2,0,1,,2.1332833825794477e-07
14.0,2,1,0,,5.22521844072193e-11
14.0,2,1,1,,1.979325299610545e-07
14.0,2,2,0,,3.68545399326046e-08
14.0,2,2,1,,3.060150441534072e-07
14.0,2,3,0,,3.64047288523616e-07
14.0,2,3,1,,5.935284183046555e-07
14.0,2,4,0,,7.385646866183291e-06
14.0,2,4,1,,8.320060800669669e-07
14.0,2,5,0,,1.96011211800811e-06
14.0,2,5,1,,1.8122679417609925e-06
